{"title":"","id":1,"dateAdded":1369821509701456,"lastModified":1370504472867539,"type":"text/x-moz-place-container","root":"placesRoot","children":[{"title":"Bookmarks Menu","id":2,"parent":1,"dateAdded":1369821509701456,"lastModified":1377258681798576,"type":"text/x-moz-place-container","root":"bookmarksMenuFolder","children":[{"title":"Live coding test","id":58,"parent":2,"dateAdded":1372332798997963,"lastModified":1372335099237492,"annos":[{"name":"bookmarkProperties/description","flags":0,"expires":4,"mimeType":null,"type":3,"value":"Live testing CSS, HTML and JavaScript"}],"type":"text/x-moz-place-container","children":[{"title":"Responsive grid using elementQuery - CodePen","id":59,"parent":58,"dateAdded":1372332872241694,"lastModified":1372332872243753,"annos":[{"name":"bookmarkProperties/description","flags":0,"expires":4,"mimeType":null,"type":3,"value":"Example of a responsive grid using element queries instead of media queries...."}],"type":"text/x-moz-place","uri":"http://codepen.io/tysonmatanich/pen/johpn","charset":"UTF-8"}]},{"index":1,"title":"Google Maps API","id":55,"parent":2,"dateAdded":1372174891160873,"lastModified":1375192994207454,"type":"text/x-moz-place-container","children":[{"title":"Google Maps Javascript API V3 Reference - Google Maps JavaScript API v3 — Google Developers","id":56,"parent":55,"dateAdded":1372174906070610,"lastModified":1372174906077237,"type":"text/x-moz-place","uri":"https://developers.google.com/maps/documentation/javascript/reference#Marker","charset":"UTF-8"},{"index":1,"title":"Events - Google Maps JavaScript API v3 — Google Developers","id":57,"parent":55,"dateAdded":1372174917694382,"lastModified":1372174917709093,"type":"text/x-moz-place","uri":"https://developers.google.com/maps/documentation/javascript/events","charset":"UTF-8"}]},{"index":2,"title":"Responsive Grid Systems","id":60,"parent":2,"dateAdded":1372335055169828,"lastModified":1375881389185561,"type":"text/x-moz-place-container","children":[{"title":"Responsive Web Design just got Easier with the Responsive Grid System","id":61,"parent":60,"dateAdded":1372335075152370,"lastModified":1372335075159282,"annos":[{"name":"bookmarkProperties/description","flags":0,"expires":4,"mimeType":null,"type":3,"value":"This is the Responsive Grid System, a quick, easy and flexible way to create a responsive web site."}],"type":"text/x-moz-place","uri":"http://www.responsivegridsystem.com/","charset":"UTF-8"},{"index":1,"title":"IVORY Framework","id":62,"parent":60,"dateAdded":1372335509090284,"lastModified":1372335509091935,"annos":[{"name":"bookmarkProperties/description","flags":0,"expires":4,"mimeType":null,"type":3,"value":"IVORY Framework - Simple, Flexible, & Powerful responsive web framework."}],"type":"text/x-moz-place","uri":"http://weice.in/ivory/","charset":"UTF-8"}]},{"index":3,"title":"Interesting Articles","id":51,"parent":2,"dateAdded":1371652351081641,"lastModified":1375192499132196,"annos":[{"name":"bookmarkProperties/description","flags":0,"expires":4,"mimeType":null,"type":3,"value":"Covering all sort of web development topics. "}],"type":"text/x-moz-place-container","children":[{"title":"Getting Started With jQuery Mobile | Smashing Mobile","id":52,"parent":51,"dateAdded":1371652382476435,"lastModified":1371652382482755,"annos":[{"name":"bookmarkProperties/description","flags":0,"expires":4,"mimeType":null,"type":3,"value":"An article on jQuery Mobile architecture. Learn how to create a jQuery Mobile app and how to extend it with advanced features."}],"type":"text/x-moz-place","uri":"http://mobile.smashingmagazine.com/2013/03/31/getting-started-jquery-mobile/","charset":"UTF-8"}]},{"index":4,"title":"JQuery Tutorials","id":46,"parent":2,"dateAdded":1371642215254998,"lastModified":1377083952469776,"annos":[{"name":"bookmarkProperties/description","flags":0,"expires":4,"mimeType":null,"type":3,"value":"JQuery, Backbone, JavaScript, all sorts..."},{"name":"bookmarkPropertiesDialog/folderLastUsed","flags":0,"expires":4,"mimeType":null,"type":2,"value":1377083952469}],"type":"text/x-moz-place-container","children":[{"title":"Image Replacement Gallery with Jquery | Abhishek Pangerkar","id":47,"parent":46,"dateAdded":1371642237927105,"lastModified":1371642237933650,"annos":[{"name":"bookmarkProperties/description","flags":0,"expires":4,"mimeType":null,"type":3,"value":"Create a simple image replacement gallery with jquery. This Tutorial is for absolute beginners. Suppose you have a portfolio of multiple images and you have to load it in one page. Here is the Simple Solution."}],"type":"text/x-moz-place","uri":"http://abhishekp.com/image-replacement-gallery/","charset":"UTF-8"},{"index":1,"title":"70+ Must Have jQuery Tutorials | designrfix.com","id":48,"parent":46,"dateAdded":1371643153721847,"lastModified":1371643153729747,"annos":[{"name":"bookmarkProperties/description","flags":0,"expires":4,"mimeType":null,"type":3,"value":"Welcome to day 7, the last installment of tutorial week on Designrfix. Today we have assembled an awesome collection of some wicked jQuery tutorials from"}],"type":"text/x-moz-place","uri":"http://designrfix.com/resources/jquery-tutorials","charset":"UTF-8"},{"index":2,"title":"Ajax and form validation Tutorials for Developers - StumbleUpon","id":54,"parent":46,"dateAdded":1371813370955749,"lastModified":1371813410656471,"type":"text/x-moz-place","uri":"http://www.stumbleupon.com/su/2BkgAn/www.designsmag.com/2010/10/exclusive-jquery-tutorials-for-developers/","charset":"UTF-8"},{"index":3,"title":"Loading images using AJAX and insert them in the carousel","id":63,"parent":46,"dateAdded":1372350119999530,"lastModified":1372350120007283,"annos":[{"name":"bookmarkProperties/description","flags":0,"expires":4,"mimeType":null,"type":3,"value":"This example shows how to load images (using AJAX) and place them in the carousel using the onAfter-callback function and the insertItem-custom event of the carousel"}],"type":"text/x-moz-place","uri":"http://coolcarousels.frebsite.nl/c/12/","charset":"windows-1252"},{"index":4,"title":"Build a Content Slider with jQuery | Brenelz Web Design Solutions","id":64,"parent":46,"dateAdded":1372350960058214,"lastModified":1372350960084511,"annos":[{"name":"bookmarkProperties/description","flags":0,"expires":4,"mimeType":null,"type":3,"value":"Another Content Slider? Really? There are a ton of tutorials already out there about creating content sliders with jQuery. So why bother writing another one?"}],"type":"text/x-moz-place","uri":"http://www.brenelz.com/blog/build-a-content-slider-with-jquery/","charset":"UTF-8"},{"index":5,"title":"Create a Slick and Accessible Slideshow Using jQuery","id":73,"parent":46,"dateAdded":1374051174579954,"lastModified":1374051174608282,"annos":[{"name":"bookmarkProperties/description","flags":0,"expires":4,"mimeType":null,"type":3,"value":"In this web development tutorial, you'll learn how to create a slick and web accessible slideshow widget using HTML, CSS, and JavaScript (jQuery). In the process, you'll see the concept of Progressive Enhancement in action."}],"type":"text/x-moz-place","uri":"http://sixrevisions.com/tutorials/javascript_tutorial/create-a-slick-and-accessible-slideshow-using-jquery/","charset":"UTF-8"},{"index":6,"title":"How to create animated tooltips with CSS3 | Codrops","id":74,"parent":46,"dateAdded":1374058589458667,"lastModified":1374058589460724,"annos":[{"name":"bookmarkProperties/description","flags":0,"expires":4,"mimeType":null,"type":3,"value":"How to create some simple, animated tooltips using CSS transitions and the pseudo-classes :before and :after"}],"type":"text/x-moz-place","uri":"http://tympanus.net/codrops/2012/02/01/how-to-create-animated-tooltips-with-css3/","charset":"UTF-8"},{"index":7,"title":"Accordion with CSS3 | Codrops","id":75,"parent":46,"dateAdded":1374058909802946,"lastModified":1374058909805123,"annos":[{"name":"bookmarkProperties/description","flags":0,"expires":4,"mimeType":null,"type":3,"value":"Using hidden inputs and labels, we will create a Css-only accordion that will animate the content areas on opening and closing."}],"type":"text/x-moz-place","uri":"http://tympanus.net/codrops/2012/02/21/accordion-with-css3/","charset":"UTF-8"},{"index":8,"title":"Building Real-Time Form Validation Using jQuery","id":78,"parent":46,"dateAdded":1374144182962797,"lastModified":1374144183001133,"annos":[{"name":"bookmarkProperties/description","flags":0,"expires":4,"mimeType":null,"type":3,"value":"In this tutorial we're going to learn how to build real-time form validation using jQuery. View the live demo to see what we are building."}],"type":"text/x-moz-place","uri":"http://www.1stwebdesigner.com/tutorials/building-real-time-form-validation-using-jquery/","charset":"UTF-8"},{"index":9,"title":"Quick Tip: Easy CSS3 Checkboxes and Radio Buttons | Webdesigntuts+","id":79,"parent":46,"dateAdded":1374260968197014,"lastModified":1374260968200562,"annos":[{"name":"bookmarkProperties/description","flags":0,"expires":4,"mimeType":null,"type":3,"value":"Ever wondered how to style checkboxes and radio buttons, but without JavaScript? Thanks to CSS3 you can! Step 1: Understanding the"}],"type":"text/x-moz-place","uri":"http://webdesign.tutsplus.com/tutorials/htmlcss-tutorials/quick-tip-easy-css3-checkboxes-and-radio-buttons/","charset":"UTF-8"},{"index":10,"title":"Redirect Mobile Devices | CSS-Tricks","id":90,"parent":46,"dateAdded":1375881381899009,"lastModified":1375881381901553,"annos":[{"name":"bookmarkProperties/description","flags":0,"expires":4,"mimeType":null,"type":3,"value":"\"mobile.html\" would be replaced with the location of wherever your mobile version resides. This technique could be adapted to load an alternate stylesheet"}],"type":"text/x-moz-place","uri":"http://css-tricks.com/snippets/javascript/redirect-mobile-devices/","charset":"UTF-8"},{"index":11,"title":"Triggering Navigation with Scrolling in JQuery","id":97,"parent":46,"dateAdded":1376918342369589,"lastModified":1376918342371049,"type":"text/x-moz-place","uri":"http://www.devirtuoso.com/2012/01/triggering-navigation-with-scrolling-in-jquery/","charset":"UTF-8"},{"index":12,"title":"Animate on scroll explained","id":100,"parent":46,"dateAdded":1376923560013227,"lastModified":1376923588010225,"annos":[{"name":"bookmarkProperties/description","flags":0,"expires":4,"mimeType":null,"type":3,"value":"Perhaps one of the most talked about websites in the last 12 months has been Nike Better World. It's been featured in countless Web design galleries, and it still stands as an example of what a great idea and some clever design and development techniques can produce. In this article, we’ll talk to the team behind Nike Better World to find out how the website was made. We'll look at exactly how it was put together, and then use similar techniques to create our own parallax scrolling website. Finally, we'll look at other websites that employ this technique to hopefully inspire you to build on these ideas and create your own variation."}],"type":"text/x-moz-place","uri":"http://coding.smashingmagazine.com/2011/07/12/behind-the-scenes-of-nike-better-world/","charset":"UTF-8"},{"index":13,"title":"Nikebetterworld Parallax Effect Demo | Ian Lunn","id":101,"parent":46,"dateAdded":1377083863033186,"lastModified":1377083863063440,"type":"text/x-moz-place","uri":"http://ianlunn.co.uk/articles/recreate-nikebetterworld-parallax/","charset":"UTF-8"},{"index":14,"title":"Build a parallax scrolling website interface with jQuery and CSS","id":102,"parent":46,"dateAdded":1377083938213126,"lastModified":1377083953227418,"annos":[{"name":"bookmarkProperties/description","flags":0,"expires":4,"mimeType":null,"type":3,"value":"Adventures in web and graphic design. The blog of designer and web developer Jonathan Nicol."}],"type":"text/x-moz-place","uri":"http://f6design.com/journal/2011/08/06/build-a-parallax-scrolling-website-interface-with-jquery-and-css/","charset":"UTF-8"}]},{"index":5,"title":"HTML5","id":39,"parent":2,"dateAdded":1371124211310259,"lastModified":1375881484579740,"annos":[{"name":"bookmarkPropertiesDialog/folderLastUsed","flags":0,"expires":4,"mimeType":null,"type":2,"value":1375881484579}],"type":"text/x-moz-place-container","children":[{"title":"HTML5 Techniques, Tutorials, Tips for Enhance Web Development Skills | Tutorial Lounge","id":40,"parent":39,"dateAdded":1371124227597343,"lastModified":1371124227604629,"annos":[{"name":"bookmarkProperties/description","flags":0,"expires":4,"mimeType":null,"type":3,"value":"It is due to the fact that these excellent HTML 5 tutorials are up to the minute that covers all the requirements of the modish user. A team of professional designers and creative web developers..."}],"type":"text/x-moz-place","uri":"http://www.tutoriallounge.com/2013/06/html5-techniques-tutorials-tips-for-enhance-web-development-skills/","charset":"UTF-8"},{"index":1,"title":"HTML5 & CSS3 Browser support","id":42,"parent":39,"dateAdded":1371139813608005,"lastModified":1371139829093326,"annos":[{"name":"bookmarkProperties/description","flags":0,"expires":4,"mimeType":null,"type":3,"value":"HTML5 & CSS3 Support, Web Design Tools & Support"}],"type":"text/x-moz-place","uri":"http://fmbip.com/litmus/","charset":"UTF-8"},{"index":2,"title":"A non-responsive approach to building cross-device webapps - HTML5 Rocks","id":91,"parent":39,"dateAdded":1375881461629883,"lastModified":1375881461635693,"annos":[{"name":"bookmarkProperties/description","flags":0,"expires":4,"mimeType":null,"type":3,"value":"A resource for developers looking to put HTML5 to use today, including information on specific features and when to use them in your apps."}],"type":"text/x-moz-place","uri":"http://www.html5rocks.com/en/mobile/cross-device/","charset":"UTF-8"}]},{"index":6,"title":"JQuery plugins","id":37,"parent":2,"dateAdded":1371123545338123,"lastModified":1376920076284229,"annos":[{"name":"bookmarkProperties/description","flags":0,"expires":4,"mimeType":null,"type":3,"value":"For future development"},{"name":"bookmarkPropertiesDialog/folderLastUsed","flags":0,"expires":4,"mimeType":null,"type":2,"value":1376920076283}],"type":"text/x-moz-place-container","children":[{"title":"Get GeoLocation using jQuery (API) GeoPlugin | jQuery4u","id":38,"parent":37,"dateAdded":1371123582608916,"lastModified":1371123582616220,"annos":[{"name":"bookmarkProperties/description","flags":0,"expires":4,"mimeType":null,"type":3,"value":"Use jQuery to get website visitors geographic location with a simple API call (GeoPlugin) which is free to use. Get country, region, city and GeoLocation."}],"type":"text/x-moz-place","uri":"http://www.jquery4u.com/api-calls/geolocation-jquery-api-geoplugin/","charset":"UTF-8"},{"index":1,"title":"jQuery Datepicker","id":41,"parent":37,"dateAdded":1371139446330496,"lastModified":1371139446332066,"type":"text/x-moz-place","uri":"http://keith-wood.name/datepick.html","charset":"UTF-8"},{"index":2,"title":"JQuery - Swap Image · GitHub","id":45,"parent":37,"dateAdded":1371639465955879,"lastModified":1371639489032786,"annos":[{"name":"bookmarkProperties/description","flags":0,"expires":4,"mimeType":null,"type":3,"value":"jquery-swapimage - Swap image with jQuery"}],"type":"text/x-moz-place","uri":"https://github.com/tszming/jquery-swapimage","charset":"UTF-8"},{"index":3,"title":"15+ jQuery Custom Scrollbar Plugins, Scripts and Tutorials - DesignHuntR","id":49,"parent":37,"dateAdded":1371643447756249,"lastModified":1371643447764110,"annos":[{"name":"bookmarkProperties/description","flags":0,"expires":4,"mimeType":null,"type":3,"value":"An article with more than 15 jQuery custom scrollbar plugins, scripts, and tutorials for inspiration. Contains pure CSS3 and non-plugin jQuery custom scrollers in this article as bonus."}],"type":"text/x-moz-place","uri":"http://designhuntr.com/custom-jquery-scrollers/","charset":"UTF-8"},{"index":4,"title":"TouchSwipe","id":50,"parent":37,"dateAdded":1371649297365713,"lastModified":1371649310764143,"type":"text/x-moz-place","uri":"http://labs.rampinteractive.co.uk/touchSwipe/demos/","charset":"windows-1252"},{"index":5,"title":"jQRangeSlider - Demo","id":80,"parent":37,"dateAdded":1374675366674677,"lastModified":1374675366689774,"type":"text/x-moz-place","uri":"http://ghusse.github.io/jQRangeSlider/demo.html","charset":"UTF-8"},{"index":6,"title":"Custom Select Dropdown With Dropkick.js | Webdesigntuts+","id":86,"parent":37,"dateAdded":1375356638450548,"lastModified":1375356656231113,"annos":[{"name":"bookmarkProperties/description","flags":0,"expires":4,"mimeType":null,"type":3,"value":"HTML select elements with their option tags cannot be completely customized using CSS, but what if we want to style a dropdown just as easily as <div>,"}],"type":"text/x-moz-place","uri":"http://webdesign.tutsplus.com/tutorials/site-elements/styling-dark-select-dropdown-with-dropkick-js/","charset":"UTF-8"},{"index":7,"title":"Selectik - custom form select · GitHub","id":87,"parent":37,"dateAdded":1375434458018272,"lastModified":1375434490085172,"annos":[{"name":"bookmarkProperties/description","flags":0,"expires":4,"mimeType":null,"type":3,"value":"selectik - Selectik is jQuery plugin, easy use, cross-browser selects which can be customised with CSS."}],"type":"text/x-moz-place","uri":"https://github.com/Brankub/selectik","charset":"UTF-8"},{"index":8,"title":"scrolldeck.js - scroll animate","id":94,"parent":37,"dateAdded":1376910707960264,"lastModified":1376910733276205,"type":"text/x-moz-place","uri":"http://johnpolacek.github.io/scrolldeck.js/","charset":"UTF-8"},{"index":9,"title":"scrollorama - Scroll animation","id":95,"parent":37,"dateAdded":1376911214399364,"lastModified":1376911227860296,"type":"text/x-moz-place","uri":"http://johnpolacek.github.io/scrollorama/","charset":"UTF-8"},{"index":10,"title":"DivPeek - Animate on scroll","id":98,"parent":37,"dateAdded":1376918455122251,"lastModified":1376918469168088,"annos":[{"name":"bookmarkProperties/description","flags":0,"expires":4,"mimeType":null,"type":3,"value":"a simple, lightweight animate-on-scroll jQuery script"}],"type":"text/x-moz-place","uri":"http://playground.davidhalford.com/divpeek/","charset":"UTF-8"},{"index":11,"title":"SUPERSCROLLORAMA - animate on scroll","id":99,"parent":37,"dateAdded":1376920071452459,"lastModified":1376920084234303,"type":"text/x-moz-place","uri":"http://johnpolacek.github.io/superscrollorama/","charset":"UTF-8"}]},{"index":7,"title":"Recently Bookmarked","id":13,"parent":2,"annos":[{"name":"Places/SmartBookmark","flags":0,"expires":4,"mimeType":null,"type":3,"value":"RecentlyBookmarked"}],"type":"text/x-moz-place","uri":"place:folder=BOOKMARKS_MENU&folder=UNFILED_BOOKMARKS&folder=TOOLBAR&sort=12&excludeQueries=1&maxResults=10&queryType=1"},{"index":8,"title":"Outing ideas","id":68,"parent":2,"dateAdded":1373468478187689,"lastModified":1375892125456147,"type":"text/x-moz-place-container","children":[{"title":"Work Night Out Ideas, Team Night Out Ideas | London Comedy Carnival","id":69,"parent":68,"dateAdded":1373468493147962,"lastModified":1373468493162423,"annos":[{"name":"bookmarkProperties/description","flags":0,"expires":4,"mimeType":null,"type":3,"value":"Book a fun work night out to Comedy Carnival London. Party Packages have everything you need for a great team night out with friends or work colleagues - dinner, drinks, comedy show and night club."}],"type":"text/x-moz-place","uri":"http://www.comedycarnival.co.uk/night-out-london.html?pm=&kw=team%20night%20out%20ideas&fl=699466&ci=11653333592&network=s&pm=&gclid=CPT5y7-YpbgCFYQ82wodvCsAZg","charset":"UTF-8"},{"index":1,"title":"Team Building Ideas & Inspiration | 1000's of activities & venues UK wide.","id":70,"parent":68,"dateAdded":1373468670937695,"lastModified":1373468670945318,"annos":[{"name":"bookmarkProperties/description","flags":0,"expires":4,"mimeType":null,"type":3,"value":"We create tailored Team Building solutions that will help deliver your business messages and goals."}],"type":"text/x-moz-place","uri":"http://www.chillisauce.co.uk/team-building/","charset":"UTF-8"},{"index":2,"title":"Something a little different | Fun Bars in London | DesignMyNight","id":71,"parent":68,"dateAdded":1373639449693145,"lastModified":1373639449708838,"annos":[{"name":"bookmarkProperties/description","flags":0,"expires":4,"mimeType":null,"type":3,"value":"Looking for something a little different for your night out in London? Find the fun, quirky and interesting bars, clubs and events in London. "}],"type":"text/x-moz-place","uri":"http://www.designmynight.com/london/something-a-little-different-london-bars#list","charset":"UTF-8"}]},{"index":9,"title":"Recent Tags","id":14,"parent":2,"annos":[{"name":"Places/SmartBookmark","flags":0,"expires":4,"mimeType":null,"type":3,"value":"RecentTags"}],"type":"text/x-moz-place","uri":"place:sort=14&type=6&maxResults=10&queryType=1"},{"index":10,"title":"Backbone","id":88,"parent":2,"dateAdded":1375872454681375,"lastModified":1376668120096305,"annos":[{"name":"bookmarkPropertiesDialog/folderLastUsed","flags":0,"expires":4,"mimeType":null,"type":2,"value":1376668119402}],"type":"text/x-moz-place-container","children":[{"title":"Getting to Know Backbone.js | Nettuts+","id":53,"parent":88,"dateAdded":1371661328722329,"lastModified":1371661328737629,"annos":[{"name":"bookmarkProperties/description","flags":0,"expires":4,"mimeType":null,"type":3,"value":"In this series, we’re going to learn how to build a fully functional contacts manager using Backbone.js, Underscore.js, and jQuery. This is perfect for"}],"type":"text/x-moz-place","uri":"http://net.tutsplus.com/sessions/build-a-contacts-manager-using-backbone-js/?search_index=3","charset":"UTF-8"},{"index":1,"title":"1. Introduction to backbone js and setting up an working environment – Learning Backbone js | CodeBeerStartups","id":65,"parent":88,"dateAdded":1373452277836186,"lastModified":1373452277862556,"annos":[{"name":"bookmarkProperties/description","flags":0,"expires":4,"mimeType":null,"type":3,"value":"Tips and tricks and various things related to ruby, git, ruby on rails, backbone js, Jquery"}],"type":"text/x-moz-place","uri":"http://www.codebeerstartups.com/2012/12/introduction-to-backbone-js-and-setting-up-an-working-environment/","charset":"UTF-8"},{"index":2,"title":"How to Setup a Basic Backbone.js Application","id":66,"parent":88,"dateAdded":1373452298680797,"lastModified":1373452298682326,"annos":[{"name":"bookmarkProperties/description","flags":0,"expires":4,"mimeType":null,"type":3,"value":"Calling Backbone.js an MVC framework might be a bit deceiving, in my opinion it is a Model-View-Controller framework with an edge."}],"type":"text/x-moz-place","uri":"http://www.egstudio.biz/how-to-setup-a-basic-backbone-application/","charset":"UTF-8"},{"index":3,"title":"Real | Backbone.js Tutorials","id":67,"parent":88,"dateAdded":1373452672878349,"lastModified":1373452700037733,"type":"text/x-moz-place","uri":"http://backbonetutorials.com/","charset":"UTF-8"},{"index":4,"title":"Communication Between Backbone.js And PHP | PHP & More","id":89,"parent":88,"dateAdded":1375872534971323,"lastModified":1375872534977099,"annos":[{"name":"bookmarkProperties/description","flags":0,"expires":4,"mimeType":null,"type":3,"value":"A technical blog about programming in PHP and other languages."}],"type":"text/x-moz-place","uri":"http://phpandmore.net/2013/01/15/communication-between-backbone-js-and-php/","charset":"UTF-8"},{"index":5,"title":"Backbone.js form submission","id":92,"parent":88,"dateAdded":1375892121166008,"lastModified":1375892121167812,"annos":[{"name":"bookmarkProperties/description","flags":0,"expires":4,"mimeType":null,"type":3,"value":"Backbone.js form submission - Gist is a simple way to share snippets of text and code with others."}],"type":"text/x-moz-place","uri":"https://gist.github.com/sbrekken/1391456","charset":"UTF-8"},{"index":6,"title":"Your First Backbone.js App – Service Chooser | Tutorialzine","id":93,"parent":88,"dateAdded":1376668110430672,"lastModified":1376668110433227,"annos":[{"name":"bookmarkProperties/description","flags":0,"expires":4,"mimeType":null,"type":3,"value":"Today we are going to make a service chooser form with Backbone.js, that lets you choose a set of items from a list. A total price field is going to be calculated in real-time with the aggregate price of the services."}],"type":"text/x-moz-place","uri":"http://tutorialzine.com/2013/04/services-chooser-backbone-js/","charset":"UTF-8"}]},{"index":11,"title":"Agile Process","id":81,"parent":2,"dateAdded":1375192480080441,"lastModified":1375193933337770,"annos":[{"name":"bookmarkPropertiesDialog/folderLastUsed","flags":0,"expires":4,"mimeType":null,"type":2,"value":1375193933337}],"type":"text/x-moz-place-container","children":[{"title":"Scrum Methodology & Agile Scrum Methodologies","id":82,"parent":81,"dateAdded":1375192493984474,"lastModified":1375192493991052,"annos":[{"name":"bookmarkProperties/description","flags":0,"expires":4,"mimeType":null,"type":3,"value":"The Scrum methodology marks a departure from waterfall development. Learn the principles of the scrum methodology and other agile scrum methodologies and how they can benefit you."}],"type":"text/x-moz-place","uri":"http://scrummethodology.com/","charset":"UTF-8"},{"index":1,"title":"Agile Project Management","id":83,"parent":81,"dateAdded":1375192991503936,"lastModified":1375192991512836,"annos":[{"name":"bookmarkProperties/description","flags":0,"expires":4,"mimeType":null,"type":3,"value":"Agile Project Management - Learn Project Management Concepts using simple and precise free downloadable tutorials. Prepare for PMI certification and become an efficient Project Manager."}],"type":"text/x-moz-place","uri":"http://www.tutorialspoint.com/management_concepts/agile_project_management.htm","charset":"UTF-8"},{"index":2,"title":"Agile Web Development That Works","id":84,"parent":81,"dateAdded":1375193374509973,"lastModified":1375193374511375,"type":"text/x-moz-place","uri":"http://sixrevisions.com/web-development/agile/","charset":"UTF-8"},{"index":3,"title":"Agile Web Development in Kitchener - YouTube","id":85,"parent":81,"dateAdded":1375193930298526,"lastModified":1375193930313437,"annos":[{"name":"bookmarkProperties/description","flags":0,"expires":4,"mimeType":null,"type":3,"value":"Kitchener, Waterloo - Real-life project experiences in Web Development. Agile Web Development, in its simplest form, offers a lightweight framework for helpi..."}],"type":"text/x-moz-place","uri":"http://www.youtube.com/watch?v=66MGmLPhOJs","charset":"UTF-8"}]},{"index":12,"title":"Inspirations","id":103,"parent":2,"dateAdded":1377258646440437,"lastModified":1377258681805320,"annos":[{"name":"bookmarkPropertiesDialog/folderLastUsed","flags":0,"expires":4,"mimeType":null,"type":2,"value":1377258681804}],"type":"text/x-moz-place-container","children":[{"title":"NEOTOKIO! / italian interactive design studio","id":104,"parent":103,"dateAdded":1377258667991614,"lastModified":1377258667998965,"annos":[{"name":"bookmarkProperties/description","flags":0,"expires":4,"mimeType":null,"type":3,"value":"neotokio! is a design agency that focuses on interactive design and communication"}],"type":"text/x-moz-place","uri":"http://www.neotokio.it/","charset":"UTF-8"}]},{"index":13,"title":"","id":15,"parent":2,"dateAdded":1369821509867874,"lastModified":1369821509867874,"type":"text/x-moz-place-separator"},{"index":14,"title":"Mozilla Firefox","id":7,"parent":2,"dateAdded":1369821509853149,"lastModified":1369821509856398,"type":"text/x-moz-place-container","children":[{"title":"Help and Tutorials","id":8,"parent":7,"dateAdded":1369821509853577,"lastModified":1369821509853991,"type":"text/x-moz-place","uri":"http://www.mozilla.com/en-US/firefox/help/"},{"index":1,"title":"Customize Firefox","id":9,"parent":7,"dateAdded":1369821509854714,"lastModified":1369821509855252,"type":"text/x-moz-place","uri":"http://www.mozilla.com/en-US/firefox/customize/"},{"index":2,"title":"Get Involved","id":10,"parent":7,"dateAdded":1369821509855772,"lastModified":1369821509856036,"type":"text/x-moz-place","uri":"http://www.mozilla.com/en-US/firefox/community/"},{"index":3,"title":"About Us","id":11,"parent":7,"dateAdded":1369821509856398,"lastModified":1369821509856922,"type":"text/x-moz-place","uri":"http://www.mozilla.com/en-US/about/"}]},{"index":15,"title":"JavaScript Definition Guide Example","id":21,"parent":2,"dateAdded":1369828386010211,"lastModified":1369828408687192,"type":"text/x-moz-place","uri":"http://examples.oreilly.com/9780596805531/","charset":"windows-1252"},{"index":16,"title":"Learn Backbone.js Completely | JavaScript is Sexy","id":23,"parent":2,"dateAdded":1369930701737378,"lastModified":1369930701739134,"type":"text/x-moz-place","uri":"http://javascriptissexy.com/learn-backbone-js-completely/","charset":"UTF-8"},{"index":17,"title":"Ladies Footwear in all Sizes and Styles including Wide Fitting Shoes | Daxon","id":35,"parent":2,"dateAdded":1370939476516743,"lastModified":1370939476544853,"annos":[{"name":"bookmarkProperties/description","flags":0,"expires":4,"mimeType":null,"type":3,"value":"At Daxon we offer a huge range of stylish, great value shoes in small to wide-fitting sizes. From court shoes to kitten heels, whatever you're looking for, you'll find it here. \n"}],"type":"text/x-moz-place","uri":"http://www.daxon.co.uk/shoes.htm?_$ja=kw:shoes+for+old+women|cgn:Older+Women+Shoes|cgid:2097321250|tsid:35070|cn:(S)+-+Older+Women|cid:59938810|lid:2078848962|mt:Exact|nw:search|crid:11305003450&gclid=CKqax63L27cCFQ1b3godiHIArA","charset":"UTF-8"},{"index":18,"title":"Cikonss | Pure CSS Responsive Icons","id":36,"parent":2,"dateAdded":1370940842565742,"lastModified":1370940842567066,"type":"text/x-moz-place","uri":"http://cikonss.zzapwebdesign.com/","charset":"UTF-8"},{"index":19,"title":"Swipe Slider","id":72,"parent":2,"dateAdded":1373972778092989,"lastModified":1373972805393048,"annos":[{"name":"bookmarkProperties/description","flags":0,"expires":4,"mimeType":null,"type":3,"value":"Swiper demos and examples"}],"type":"text/x-moz-place","uri":"http://www.idangero.us/sliders/swiper/demos.php","charset":"UTF-8"},{"index":20,"title":"Code School - Try jQuery","id":76,"parent":2,"dateAdded":1374059752881296,"lastModified":1374059752883018,"type":"text/x-moz-place","uri":"http://try.jquery.com/","charset":"UTF-8"},{"index":21,"title":"jsFiddle - slider","id":77,"parent":2,"dateAdded":1374062515744825,"lastModified":1374062529085995,"type":"text/x-moz-place","uri":"http://jsfiddle.net/2s95M/20/","charset":"UTF-8"},{"index":22,"title":"jQuery Scroll Path","id":96,"parent":2,"dateAdded":1376911496833389,"lastModified":1376911496835112,"annos":[{"name":"bookmarkProperties/description","flags":0,"expires":4,"mimeType":null,"type":3,"value":"The plugin that lets you define custom scroll paths"}],"type":"text/x-moz-place","uri":"http://joelb.me/scrollpath/","charset":"UTF-8"}]},{"index":1,"title":"Bookmarks Toolbar","id":3,"parent":1,"dateAdded":1369821509701456,"lastModified":1371557669114063,"annos":[{"name":"bookmarkProperties/description","flags":0,"expires":4,"mimeType":null,"type":3,"value":"Add bookmarks to this folder to see them displayed on the Bookmarks Toolbar"}],"type":"text/x-moz-place-container","root":"toolbarFolder","children":[{"title":"Gmail","id":16,"parent":3,"dateAdded":1369822921809482,"lastModified":1369822958440683,"annos":[{"name":"bookmarkProperties/description","flags":0,"expires":4,"mimeType":null,"type":3,"value":"Outsideline email account"}],"type":"text/x-moz-place","uri":"https://mail.google.com/mail/?shva=1#inbox"},{"index":1,"title":"Bitbucket","id":17,"parent":3,"dateAdded":1369823003641020,"lastModified":1369823028304754,"annos":[{"name":"bookmarkProperties/description","flags":0,"expires":4,"mimeType":null,"type":3,"value":"Project repositories"}],"type":"text/x-moz-place","uri":"https://bitbucket.org/dashboard/overview"},{"index":2,"title":"Hosting (Live)","id":18,"parent":3,"dateAdded":1369823074304840,"lastModified":1369823074304840,"type":"text/x-moz-place","uri":"https://docs.google.com/a/outsideline.com/spreadsheet/ccc?key=0Au21Gy4NltnKdHUxaGFTRlZVcmlucTgxUUFvWGVqVXc#gid=0"},{"index":3,"title":"Worklist","id":19,"parent":3,"dateAdded":1369823092336759,"lastModified":1369823092336759,"type":"text/x-moz-place","uri":"https://docs.google.com/a/outsideline.com/spreadsheet/ccc?key=0AmHPhATKJC1DdDhLblV2akc5VHhjb29WeFlCdUNBRXc#gid=41"},{"index":4,"title":"Google Drive","id":34,"parent":3,"dateAdded":1370854698867891,"lastModified":1370854708482634,"type":"text/x-moz-place","uri":"https://drive.google.com/a/outsideline.com/?tab=mo#shared-with-me"},{"index":5,"title":"Smashing Magazine — For Professional Web Designers and Developers","id":20,"parent":3,"dateAdded":1369823129289242,"lastModified":1369823129289242,"type":"text/x-moz-place","uri":"http://www.smashingmagazine.com/"},{"index":6,"title":"resizeMyBrowser","id":22,"parent":3,"dateAdded":1369832047890075,"lastModified":1369832047890075,"type":"text/x-moz-place","uri":"http://resizemybrowser.com/"},{"index":7,"title":"Dashboard","id":32,"parent":3,"dateAdded":1370504497007583,"lastModified":1370504497007583,"type":"text/x-moz-place","uri":"http://www.browserstack.com/start#os=Windows&os_version=8&browser=IE&browser_version=10.0&zoom_to_fit=true&url=http%3A%2F%2Fstage.theapartmenta.com%2Frekorderlig%2F2013%2Fgb%2F&resolution=1280x1024&speed=1"},{"index":8,"title":"Projects","id":33,"parent":3,"dateAdded":1370519120541429,"lastModified":1370519143583012,"annos":[{"name":"bookmarkProperties/description","flags":0,"expires":4,"mimeType":null,"type":3,"value":"Projects list"}],"type":"text/x-moz-place","uri":"http://projects.outsideline.co.uk/projects/rekorderlig-website-2013-1/tasks/12"},{"index":9,"title":"Saatchi Mail","id":44,"parent":3,"dateAdded":1371557666231378,"lastModified":1371557678957961,"type":"text/x-moz-place","uri":"https://webmail.publicisgroupe.net/"}]},{"index":2,"title":"Tags","id":4,"parent":1,"dateAdded":1369821509701456,"lastModified":1369821509701456,"type":"text/x-moz-place-container","root":"tagsFolder","children":[]},{"index":3,"title":"Unsorted Bookmarks","id":5,"parent":1,"dateAdded":1369821509701456,"lastModified":1369821509850696,"type":"text/x-moz-place-container","root":"unfiledBookmarksFolder","children":[]}]}