{"hostname":"https://accounts.google.com","formSubmitURL":"https://accounts.google.com","httpRealm":null,"username":"chloe.kaianlam@outsideline.com","usernameField":"Email","password":"2UjNKaGNHVnpNak09","passwordField":"Passwd"}
{"hostname":"https://bitbucket.org","formSubmitURL":"https://bitbucket.org","httpRealm":null,"username":"chloe.kaianlam@outsideline.com","usernameField":"username","password":"3VWpOS2FHTkhWbnBOYWswOQ==","passwordField":"password"}
{"hostname":"http://local.love-cravendale.co.uk","formSubmitURL":"http://local.love-cravendale.co.uk","httpRealm":null,"username":"chloe.kaianlam@outsideline.com","usernameField":"email","password":"5VjFSQ2ExSXlWblJVV0hCaFUwWndjVmxzV2taUFVUMDk=","passwordField":"password"}
{"hostname":"http://stage.theapartmenta.com","formSubmitURL":"http://stage.theapartmenta.com","httpRealm":null,"username":"chloe.kaianlam@outsideline.com","usernameField":"email","password":"2UjNKaGNHVnpNak09","passwordField":"password"}
{"hostname":"http://projects.outsideline.co.uk","formSubmitURL":"http://projects.outsideline.co.uk","httpRealm":null,"username":"","usernameField":"","password":"4VldwT1MyRkhUa2hXYm5CT1lXc3dPUT09","passwordField":"reset[password]"}
{"hostname":"http://local.rekorderlig2013.com","formSubmitURL":"http://local.rekorderlig2013.com","httpRealm":null,"username":"chloe.kaianlam@outsideline.com","usernameField":"email","password":"5Vmxkd1QxTXlSa2hVYTJoWFltNUNUMWxYYzNkUFVUMDk=","passwordField":"password"}
{"hostname":"https://typekit.com","formSubmitURL":"https://typekit.com","httpRealm":null,"username":"emily.goldhill@outsideline.com","usernameField":"email","password":"4V1dwT1YwMUhUWGxpUjNSaFZqTm9kMWx0TVZaUVVUMDk=","passwordField":"password"}
{"hostname":"http://stage.outsideline.co.uk","formSubmitURL":"http://stage.outsideline.co.uk","httpRealm":null,"username":"chloe.kaianlam@outsideline.com","usernameField":"username","password":"2Y0dGemMzZHZjbVE9","passwordField":"password"}
{"hostname":"http://stage.outsideline.co.uk","formSubmitURL":"http://stage.outsideline.co.uk","httpRealm":null,"username":"chloe.lam","usernameField":"username","password":"3VWpOS2FHTkhWbnBOYWswOQ==","passwordField":"password"}
{"hostname":"https://www.browserstack.com","formSubmitURL":"https://www.browserstack.com","httpRealm":null,"username":"3rdparty@outsideline.com","usernameField":"user[login]","password":"3WTFkVmNVMHpUVEZaVm1Sc1dUTktRZz09","passwordField":"user[password]"}
{"hostname":"http://local.love-cravendale.co.uk","formSubmitURL":"http://local.love-cravendale.co.uk","httpRealm":null,"username":"test@email.com","usernameField":"email","password":"4V1RCa1IyVnRUWHBhU0ZwcVlsWkZPUT09","passwordField":"password"}
{"hostname":"https://www.google.com","formSubmitURL":"https://www.google.com","httpRealm":null,"username":"chloe.kaianlam","usernameField":"Email","password":"5Vmxkd1QxTXlSa2hVYTJoWFltNUNUMWxYYzNkUFVUMDk=","passwordField":"Passwd"}
{"hostname":"http://www.browserstack.com","formSubmitURL":"https://www.browserstack.com","httpRealm":null,"username":"3rdparty@outsideline.com","usernameField":"user[login]","password":"3WTFkVmNVMHpUVEZaVm1Sc1dUTktRZz09","passwordField":"user[password]"}
{"hostname":"http://www.rekorderlig.com","formSubmitURL":"http://www.rekorderlig.com","httpRealm":null,"username":"chloe.kaianlam@outsideline.com","usernameField":"email","password":"2UjNKaGNHVnpNak09","passwordField":"password"}
{"hostname":"https://outsideline.litmus.com","formSubmitURL":"https://outsideline.litmus.com","httpRealm":null,"username":"3rdparty@outsideline.com","usernameField":"email","password":"2Y1dVcU0zTTFZVmRsWTNKQg==","passwordField":"password"}
{"hostname":"http://projects3.outsideline.co.uk","formSubmitURL":"http://projects3.outsideline.co.uk","httpRealm":null,"username":"chloe.kaianlam@outsideline.com","usernameField":"login[email]","password":"4VldwT1MyRkhUa2hXYm5CT1lXc3dPUT09","passwordField":"login[password]"}
{"hostname":"https://outsideline.tickspot.com","formSubmitURL":"https://outsideline.tickspot.com","httpRealm":null,"username":"chloe.kaianlam@outsideline.com","usernameField":"user_login","password":"3VWpOS2FHTkhWbnBOYWswOQ==","passwordField":"user_password"}
{"hostname":"https://epicentre.atlassian.net","formSubmitURL":"https://epicentre.atlassian.net","httpRealm":null,"username":"mikema","usernameField":"username","password":"3VWxkbk5HUnJVa05XV0dkNlRXcFdTazVxVVhnPQ==","passwordField":"password"}
{"hostname":"https://github.com","formSubmitURL":"https://github.com","httpRealm":null,"username":"chloekaianlam","usernameField":"login","password":"4VmtWa2MwMUhVa2hsUjNoYVlsWmFiMWt5Y0VwbFp6MDk=","passwordField":"password"}
{"hostname":"http://www.candy-land.com","formSubmitURL":"http://www.candy-land.com","httpRealm":null,"username":"chloe.kaianlam@outsideline.com","usernameField":"email","password":"4VldwT1MyRkhUa2hXYm5CT1lXc3dPUT09","passwordField":"password"}
{"hostname":"http://local.tangerine-candyland.com","formSubmitURL":"http://local.tangerine-candyland.com","httpRealm":null,"username":"paul.lawton@outsideline.com","usernameField":"email","password":"4VjFjd05XUlhSWGxXYm14cVpXdFZPUT09","passwordField":"password"}
{"hostname":"http://local.tangerine-candyland.com","formSubmitURL":"http://local.tangerine-candyland.com","httpRealm":null,"username":"Chloe","usernameField":"nickname","password":"5Vmxkd1QxTXlSa2hVYTJoWFltNUNUMWxYYzNkUFVUMDk=","passwordField":"password"}
{"hostname":"http://local.tangerine-candyland.com","formSubmitURL":"http://local.tangerine-candyland.com","httpRealm":null,"username":"chloe.kaianlam@outsideline.com","usernameField":"email","password":"2UjNKaGNHVnpNak09","passwordField":"password"}
{"hostname":"https://outsideline.createsend.com","formSubmitURL":"https://outsideline.createsend.com","httpRealm":null,"username":"outsideline","usernameField":"username","password":"4V1dwT1YwMUhUWGxpUjNSaFYwVktkMWx0TVZaa01ERkZXWG93UFE9PQ==","passwordField":"password"}
